date,ws,temp,dew,prec,rh,sp
2020-03-08,1.4,24.1,19.24,1.38,75.31,101.17
2020-03-09,1.33,23.3,15.37,0,63.12,101.09
2020-03-10,1.51,22.87,13.13,0.05,55.69,101.12
2020-03-11,1.36,23.77,14.9,0,58.5,101.11
2020-03-12,1.12,25.76,17.44,0,61.88,101.23
2020-03-13,1.41,25.98,17.69,0,62.75,101.27
2020-03-14,2.35,25.26,17.38,0,64.25,101.15
2020-03-15,2.78,23.93,15.88,0,65.12,101.16
2020-03-16,2.01,24.76,16.78,0,63.81,101.23
2020-03-17,1.51,24.6,15.82,0,60.25,101.31
2020-03-18,1.36,25.12,15.4,0,56.56,101.18
2020-03-19,1.16,25.66,14.03,0,50.88,101.05
2020-03-20,1.14,25.55,14.12,0.39,51.19,100.99
2020-03-21,1.05,26.44,13.9,0.03,48.62,101.04
2020-03-22,0.95,25.48,17.01,3.34,61.25,101.17
2020-03-23,1.26,25.1,15.83,0.08,58.94,101.1
2020-03-24,0.69,26.19,15.76,0.38,54.56,100.95
2020-03-25,0.99,26.62,17.15,0.53,60.12,100.83
2020-03-26,1.01,28.08,16.28,0.17,50.25,100.9
2020-03-27,1.55,28.67,17.05,0,53.25,100.98
2020-03-28,1.84,29.2,17.91,0,53.12,100.76
2020-03-29,1.84,29.3,16.97,0,52.12,100.71
2020-03-30,1.66,28.9,13.1,0,40.81,100.83
2020-03-31,1.34,28.47,12.84,0,40.81,100.9
2020-04-01,1.56,28.87,13.23,0,40.69,100.75
2020-04-02,2.67,29.24,21.03,0.55,65.88,100.66
2020-04-03,2.26,28.98,21.73,10.38,68.88,100.82
2020-04-04,1.56,28.42,21.07,10.77,69.12,100.99
2020-04-05,1.82,28.01,20.96,9.65,69.38,100.98
2020-04-06,1.98,27.82,18.98,6.74,65.31,100.9
2020-04-07,2.98,28.46,19.73,7.04,65.88,100.74
2020-04-08,3.15,29.14,21.5,0.11,67.62,100.8
2020-04-09,2.18,28.01,21.29,0.04,69.81,100.85
2020-04-10,1.79,29,19.56,0,61.81,101.04
2020-04-11,2.05,29.32,20.26,1.85,61.75,101.09
2020-04-12,0.85,28.96,18.05,1.95,55.56,100.99
2020-04-13,1.52,28.98,19.44,2.59,58.44,100.82
2020-04-14,1.7,29.69,20.29,0.25,61.56,100.91
2020-04-15,1.8,29.45,22.49,3.49,69,100.94
2020-04-16,1.59,28.71,21.67,5.6,68.12,100.78
2020-04-17,3.44,29.3,22.58,4.44,70.12,100.69
2020-04-18,3.38,28.47,23.57,17.82,76.81,100.83
2020-04-19,2.61,28.54,23.72,20.12,77.31,100.83
2020-04-20,2.43,27.65,23.67,16.03,80.5,100.85
2020-04-21,1.3,27.79,22.24,9.35,74.06,100.9
2020-04-22,1.48,26.55,21.3,2.48,74.56,100.88
2020-04-23,1.56,27.05,22.33,12.83,76.94,100.84
2020-04-24,1.59,25.94,22.55,35.04,82.56,100.81
2020-04-25,1.27,26.61,23.39,26.66,83.69,100.8
2020-04-26,1.45,26.26,23.78,28.34,87,100.99
2020-04-27,1.41,26.04,22.69,13.47,82.75,101.16
2020-04-28,1.23,25.92,22.93,19.69,84.25,101.07
2020-04-29,1.57,26.01,23.01,12.64,84.5,100.88
2020-04-30,1.26,26.96,23.48,10.42,82.56,100.93
2020-05-01,1.32,26.83,23.58,15.18,83.25,100.82
2020-05-02,1.7,26.93,23.96,11.28,84.56,100.7
2020-05-03,1.49,26.72,23.87,15.65,85.31,100.68
2020-05-04,1.08,27.78,23.83,8.4,80.44,100.79
2020-05-05,1.73,28.65,25.42,17.38,83.62,100.69
2020-05-06,1.48,27.94,24.73,34.37,83.31,100.72
2020-05-07,0.76,28.4,23.21,6.67,74.25,100.73
2020-05-08,1.13,28.19,22.96,6.7,73.81,100.71
2020-05-09,1.02,28.85,23.99,18.2,75.94,100.73
2020-05-10,0.62,30.12,24.19,19.92,71.19,100.77
2020-05-11,0.73,30.03,24.17,1.93,71.56,100.77
2020-05-12,1.41,29.11,24.74,0.62,78.12,100.69
2020-05-13,2.23,28.49,25.07,0.47,82.62,100.62
2020-05-14,1.88,28.65,25.3,13.09,83.06,100.64
2020-05-15,1.85,28.8,25.58,17.23,83.75,100.44
2020-05-16,2.32,29.11,26.14,14.86,84.88,100.38
2020-05-17,1.69,29.44,25.94,13.71,82.56,100.36
2020-05-18,1.55,29.4,25.97,0.08,82.69,100.18
2020-05-19,1.41,28.94,24.18,2.04,77.38,100.12
2020-05-20,6.64,27.79,25.04,31.74,85.44,99.67
2020-05-21,7.26,27.83,25.28,34.6,86.31,99.68
2020-05-22,2.77,28.57,25.73,13.11,85.25,100.27
2020-05-23,2.88,29.13,26.26,0.59,85.5,100.44
2020-05-24,4.03,29.13,26.65,2.66,87.12,100.42
2020-05-25,5.23,28.94,26.3,1.58,86.31,100.47
2020-05-26,5.42,28.5,25.81,6.9,85.94,100.45
2020-05-27,4.35,28.19,26.3,77.82,89.69,100.44
2020-05-28,1.99,27.91,25.37,34.72,86.62,100.46
2020-05-29,1.72,27.99,25.34,24.16,86.12,100.51
2020-05-30,2.26,28.24,25.8,15.83,87.19,100.59
2020-05-31,1.37,28.59,25.81,7.3,85.56,100.72
2020-06-01,2.63,28.1,26.09,4.75,89.12,100.7
2020-06-02,2.76,27.98,26.32,6.75,90.81,100.57
2020-06-03,3.3,28.12,25.91,8.61,88.25,100.53
2020-06-04,2.58,28.42,26.35,31.54,89,100.47
2020-06-05,2.41,27.88,26.33,15.06,91.38,100.41
2020-06-06,2.59,28.19,26.97,16.07,93.12,100.27
2020-06-07,1.62,28.8,26.56,13.43,88.12,100.15
2020-06-08,1.82,28.81,26.36,15.51,87.12,100.16
2020-06-09,1.1,29.59,26.42,9.16,83.88,100.18
2020-06-10,1.58,28.55,26.67,15.72,89.75,100.18
2020-06-11,2.67,28.15,26.96,21.26,93.19,100.09
2020-06-12,3.31,28.32,26.81,9.8,91.69,100.02
2020-06-13,3.07,28.4,27.46,41.46,94.56,100.07
2020-06-14,2.62,28.6,27.22,10.17,92.25,100.18
2020-06-15,2.47,28.78,27.43,11.24,92.5,100.06
2020-06-16,2.85,28.62,26.69,16.99,89.56,99.94
2020-06-17,3.91,27.83,26.94,39.15,94.81,99.84
2020-06-18,4.48,27.87,26.72,20.74,93.38,100.06
2020-06-19,3.07,28.72,26.94,14.52,90.31,100.13
2020-06-20,2.92,28.58,26.97,19.02,91.12,100.15
2020-06-21,3.83,28.21,26.57,11,90.94,100.02
2020-06-22,3.52,28.32,26.53,5.47,90.25,100.11
2020-06-23,3.12,28.89,26.95,10.47,89.56,100.37
2020-06-24,2.59,29.12,27.07,5.97,89.06,100.47
2020-06-25,3.31,29.01,27.2,2.35,90.19,100.35
2020-06-26,3.45,28.57,27.19,4.75,92.31,100.26
2020-06-27,3.47,28.48,26.73,23.66,90.5,100.23
2020-06-28,3.2,27.49,25.87,4.24,90.94,100.28
2020-06-29,2.2,28.52,26.09,10.08,87.19,100.28
2020-06-30,3,28.86,26.73,4.31,88.62,100.23
2020-07-01,2.76,28.47,26.52,5.73,89.44,100.15
2020-07-02,2.47,28.75,27.12,1.6,91.06,100.03
2020-07-03,1.83,29.25,27.05,0.69,88.38,100.05
2020-07-04,3.03,28.6,26.94,9.53,90.94,100
2020-07-05,3.49,28.42,27,10.58,92,99.84
2020-07-06,3.37,28.85,27.2,7.45,90.94,99.86
2020-07-07,3.61,28.92,27.19,10.71,90.56,100.2
2020-07-08,2.83,29.1,27.16,5.42,89.62,100.25
2020-07-09,3.93,28.87,27.34,16.49,91.56,100.11
2020-07-10,4.28,29.01,27.4,18.58,91.12,100.08
2020-07-11,3.73,28.33,27.23,37.26,93.69,100.01
2020-07-12,3.19,28.56,26.9,28.84,90.88,100.06
2020-07-13,2.82,28.83,26.98,8.83,90,100.02
2020-07-14,3.4,28.05,26.37,10.62,90.75,100.21
2020-07-15,3.01,28.75,26.69,7.65,89.06,100.22
2020-07-16,2.62,28.8,26.53,5.32,87.94,100.19
2020-07-17,2.66,28.96,26.78,3.33,88.44,100.22
2020-07-18,2.77,28.26,27.01,12.56,93,100.33
2020-07-19,3.62,28.71,26.87,21.72,90.06,100.28
2020-07-20,3.63,28.08,27.01,36.75,93.88,100.26
2020-07-21,3.53,28.12,26.99,35.91,93.62,100.33
2020-07-22,2.65,27.57,26.29,45.44,92.75,100.26
2020-07-23,2.85,27.82,26.16,13.2,90.88,100.26
2020-07-24,2.67,28.11,26.59,10.18,91.62,100.53
2020-07-25,1.91,28.43,26.23,1.85,88.25,100.57
2020-07-26,1.73,29.23,26.76,1.6,87,100.46
2020-07-27,1.78,28.82,27.12,9.47,90.62,100.3
2020-07-28,2.51,28.76,26.81,24.27,89.5,100.32
2020-07-29,2.92,28.44,26.56,14.4,89.81,100.41
2020-07-30,1.87,28.81,26.65,1.75,88.44,100.45
2020-07-31,1.88,29.15,26.72,1.87,87.19,100.33
2020-08-01,1.25,29.7,27.05,3.19,86.25,100.12
2020-08-02,1.73,29.69,27.19,7.79,86.75,99.83
2020-08-03,0.86,30.51,27.14,6.48,82.81,99.43
2020-08-04,2.91,28.61,27.18,20.76,92,99.08
2020-08-05,4.47,28.73,26.87,17.9,89.88,99.51
2020-08-06,3.66,27.99,26.66,5.39,92.5,100.09
2020-08-07,3.1,28.9,27.05,8.7,90.06,100.14
2020-08-08,2.7,28.83,26.86,6.1,89.38,100.01
2020-08-09,2.74,28.55,26.84,2.46,90.75,100.03
2020-08-10,2.58,28.73,27.03,2.53,90.81,100.08
2020-08-11,2.97,29.13,27.26,25.81,89.94,100.02
2020-08-12,2.78,29.17,27.24,14.7,89.69,100.03
2020-08-13,2.61,29.11,26.98,2.75,88.62,99.92
2020-08-14,2.63,28.65,26.69,4.48,89.5,99.72
2020-08-15,4.79,28.05,26.31,23.55,90.5,99.67
2020-08-16,4.78,28.1,26.45,12.89,90.88,99.82
2020-08-17,4.11,28.01,26.43,26.12,91.19,99.92
2020-08-18,3.4,28.12,26.6,10.75,91.56,99.91
2020-08-19,4.02,27.32,26.17,4.17,93.44,99.87
2020-08-20,4.23,26.76,25.75,19.92,94.12,100.16
2020-08-21,3.45,27.03,25.8,13.13,93,100.5
2020-08-22,2.22,27.47,25.83,26.8,90.94,100.48
2020-08-23,2.05,27.87,26.03,15.31,90,100.3
2020-08-24,2.02,28.44,26.29,22.61,88.5,100.15
2020-08-25,2.91,27.65,26.34,12.92,92.69,100.19
2020-08-26,5.18,27.43,25.89,3.77,91.44,100.26
2020-08-27,3.2,27.4,26.21,8.56,93.19,100.36
2020-08-28,2.65,28.15,26.2,16.57,89.56,100.29
2020-08-29,2.34,28.51,26.43,13.2,88.88,100.3
2020-08-30,2.06,28.88,26.71,7.86,88.44,100.33
2020-08-31,1.35,29.11,27,7.28,88.62,100.34
2020-09-01,1.79,28.27,26.3,14.28,89.38,100.47
2020-09-02,1.97,27.99,25.87,28.21,88.62,100.69
2020-09-03,1.31,28.73,25.82,3.06,85.06,100.78
2020-09-04,1.16,29.33,26.22,1.6,84.12,100.62
2020-09-05,1.92,29.22,26.57,0.29,86.12,100.44
2020-09-06,2.51,28.51,26.55,0.94,89.44,100.42
2020-09-07,2.35,28.27,26.24,3.61,89.12,100.51
2020-09-08,1.74,28.52,26.26,4.15,87.94,100.53
2020-09-09,1.64,28.99,26.21,2.49,85.62,100.46
2020-09-10,2.02,28.65,26.4,17.92,88.06,100.25
2020-09-11,2,28.33,26.36,14.09,89.31,100.35
2020-09-12,2.01,28.71,26.63,8.76,88.94,100.54
2020-09-13,2.15,28.28,26.6,12.68,90.88,100.61
2020-09-14,1.92,28.03,26.48,5.15,91.44,100.55
2020-09-15,2.02,28.47,26.57,8.77,89.75,100.49
2020-09-16,2.34,28.02,26.55,3.32,91.81,100.47
2020-09-17,1.88,28.49,26.58,9.19,89.62,100.4
2020-09-18,0.71,29.72,26.17,0.71,82.06,100.22
2020-09-19,1.59,29.48,27.12,1.58,87.38,99.92
2020-09-20,1.4,30.12,27.13,3.52,84.62,99.74
2020-09-21,4.91,28.47,26.81,25.85,90.75,99.97
2020-09-22,3.32,28.15,27.17,20.15,94.31,100.26
2020-09-23,3.12,27.94,26.94,29.61,94.19,100.5
2020-09-24,3.2,27.76,26.78,20.95,94.38,100.55
2020-09-25,3.16,27.65,26.74,34,94.75,100.37
2020-09-26,3.4,27.77,26.69,50.25,93.81,100.3
2020-09-27,2.29,27.78,26.21,21.53,91.38,100.42
2020-09-28,1.11,28.28,26.01,3.17,87.94,100.42
2020-09-29,0.99,28.45,26.05,0.35,87.25,100.33
2020-09-30,0.6,28.51,25.72,2.21,85.12,100.23
2020-10-01,1.82,27.88,26.07,12.22,89.94,100.23
2020-10-02,1.5,27.95,26.23,16.7,90.62,100.37
2020-10-03,1.38,28.01,26.26,13.56,90.38,100.48
2020-10-04,1.33,27.92,26,8.51,89.5,100.53
2020-10-05,1.51,27.59,25.91,11.81,90.81,100.52
2020-10-06,1.38,27.04,25,29.99,88.88,100.67
2020-10-07,1.37,27.28,25.3,11.06,89.19,100.78
2020-10-08,0.84,28.69,24.87,5.46,80.56,100.72
2020-10-09,0.9,29.3,25.93,0.37,82.44,100.64
2020-10-10,0.7,29.48,26.22,0.05,83.19,100.54
2020-10-11,0.66,29.85,25.95,3.1,80.25,100.42
2020-10-12,0.66,29.51,25.76,7.61,80.88,100.37
2020-10-13,0.59,29.77,25.67,5.13,79.31,100.39
2020-10-14,0.88,28.83,26.05,8.19,85.62,100.5
2020-10-15,0.74,29.23,25.76,1.43,82.31,100.51
2020-10-16,0.9,29.15,25.58,0.41,81.81,100.47
2020-10-17,0.8,29.18,25.64,0.85,81.88,100.48
2020-10-18,1.04,27.99,25.76,6.2,87.94,100.59
2020-10-19,0.89,28.08,24.84,1.02,83.06,100.55
2020-10-20,1.56,27.71,25.4,5.45,87.69,100.55
2020-10-21,2.02,26.4,25.24,16.03,93.25,100.7
2020-10-22,2.48,25.65,24.87,69.63,95.31,100.5
2020-10-23,3.1,26.41,25.61,105.03,95.25,100.14
2020-10-24,2.38,26.65,25.08,4.24,91.25,100.4
2020-10-25,0.86,26.85,24.01,4.22,85,100.88
2020-10-26,1.01,26.91,23.96,0.37,84.44,100.93
2020-10-27,1.46,26.37,23.92,0,86.75,100.86
2020-10-28,1.49,25.98,23.29,0,85.62,100.94
2020-10-29,1.12,27.06,24.22,0.43,85.12,100.9
2020-10-30,1.36,27.87,25.43,3.93,86.94,100.75
2020-10-31,1.91,26.2,25.19,43.88,94.06,100.86
2020-11-01,1.5,25.78,23.84,25.95,89.31,101.02
2020-11-02,1.21,26.35,24.59,9.83,90.31,101.07
2020-11-03,0.94,26.9,24.77,5.54,88.5,101.08
2020-11-04,1.13,25.47,21.4,3.94,79.38,101.06
2020-11-05,1.27,23.45,17.58,0,71.38,101.24
2020-11-06,1.59,21.25,16.25,0,73.69,101.44
2020-11-07,1.38,21.85,17.13,0,76.44,101.42
2020-11-08,1.15,23.18,18.95,0,77.94,101.42
2020-11-09,1.16,24.44,20.89,0,81.69,101.3
2020-11-10,1.43,24.01,21.16,0,84.75,101.26
2020-11-11,1.55,23.9,21,0,84.5,101.36
2020-11-12,0.95,24.76,20.9,0,80.19,101.4
2020-11-13,1.29,24.94,22.13,0,85.12,101.29
2020-11-14,1.41,24.25,21.62,0,86.12,101.24
2020-11-15,1.36,23.31,20.56,0,85.25,101.26
2020-11-16,0.95,23.6,20.52,0,83.94,101.21
2020-11-17,1.3,23.58,20.38,0,83,101.14
2020-11-18,0.99,23.73,18.83,0,75.44,101.21
2020-11-19,1.02,22.82,18.52,0,77.25,101.19
2020-11-20,1.05,23.21,19.83,0.39,82.12,101.14
2020-11-21,0.86,23.41,20.51,8.31,84.19,101.1
2020-11-22,1.95,21.17,17.31,2.31,79.81,101.4
2020-11-23,1.91,18.24,14.15,0.22,78,101.5
2020-11-24,1.1,19.3,15.23,0,78.62,101.41
2020-11-25,1.22,20.3,17.45,0,84.19,101.39
2020-11-26,1.2,20.79,18.44,0,87,101.42
2020-11-27,1.46,21.11,18.43,0,85.12,101.5
2020-11-28,1.58,20.89,18.95,0,88.62,101.51
2020-11-29,1.77,20.73,18.58,0,88.19,101.49
2020-11-30,1.34,20.35,17.49,0,84.62,101.45
2020-12-01,1.14,20.93,17.94,0,83.88,101.46
2020-12-02,0.96,21.02,17.57,0,81.75,101.29
2020-12-03,0.89,21.33,17.26,0,78.38,101.23
2020-12-04,1.02,20.62,16.51,0,78.25,101.2
2020-12-05,0.9,20.59,16.16,0,76.38,101.3
2020-12-06,0.85,20.79,16.7,0,78.19,101.45
2020-12-07,0.9,20.1,17.31,0,84.69,101.57
2020-12-08,1.16,19.58,17.55,0,87.81,101.52
2020-12-09,0.77,19.55,16.75,0,84.38,101.38
2020-12-10,0.88,19.47,16.62,0,84.12,101.3
2020-12-11,1.16,18.82,16.43,0,86.31,101.37
2020-12-12,1.11,18.52,15.95,0,85.56,101.28
2020-12-13,1.12,19.24,16.4,0,84.31,101.15
2020-12-14,1.45,19.16,16.54,0,85.19,101.29
2020-12-15,1.66,18.31,16.01,0,87.19,101.5
2020-12-16,1.71,18.65,15.92,0,84.94,101.55
2020-12-17,1.61,18.47,15.92,0,85.81,101.47
2020-12-18,1.69,16.93,13.87,0,83,101.54
2020-12-19,2.16,14.39,10.87,0,80.69,101.64
2020-12-20,1.7,14.15,11.13,0,83.06,101.61
2020-12-21,1.02,16.25,12.94,0,81,101.42
2020-12-22,0.55,17.74,13.58,0,77.94,101.35
2020-12-23,1.04,17.51,13.75,2.26,79.5,101.28
2020-12-24,0.95,18.05,14.26,0,79.62,101.25
2020-12-25,1.41,17.59,15.19,0,86,101.29
2020-12-26,1.84,16.51,13.42,0,82.88,101.38
2020-12-27,1.58,15.84,12.12,0,80,101.32
2020-12-28,1.36,16.33,12.59,0,79.69,101.28
2020-12-29,1.59,16.27,12.99,0,81.94,101.33
2020-12-30,1.62,16.26,12.78,0,81.19,101.42
2020-12-31,1.52,16.89,14.17,0,84.12,101.44
2021-01-01,1.39,17.09,14.03,0,82.81,101.46
2021-01-02,1.3,17.12,14.18,0,83.25,101.45
2021-01-03,1.21,17.71,14.36,0,81.56,101.31
2021-01-04,1.14,18.67,14.8,0,79.31,101.35
2021-01-05,1.31,18.9,15.57,0.1,82,101.36
2021-01-06,1.22,19.82,16.23,0,80.88,101.19
2021-01-07,1,21.47,16.38,0,74.12,101.09
2021-01-08,1.4,20.53,16.18,0.05,77.19,101.11
2021-01-09,1.23,19.81,15.65,0,78,101.11
2021-01-10,0.92,20.41,16.25,0,77.75,101.12
2021-01-11,0.88,21.15,17.48,0,80.38,101.24
2021-01-12,1.62,19.26,16.2,0,83.19,101.34
2021-01-13,1.64,17.22,13.07,0,78.06,101.4
2021-01-14,1.7,15.92,11.07,0,73.94,101.4
2021-01-15,1.52,15.72,10.47,3.62,72.12,101.25
2021-01-16,1.42,15.92,10.72,0,72.38,101.16
2021-01-17,1.59,16,11.97,0,78.19,101.42
2021-01-18,1.13,16.84,13.16,0,80.12,101.4
2021-01-19,1.05,17.31,13.03,0,76.88,101.26
2021-01-20,1.61,18.33,16.5,1.12,89.56,101.18
2021-01-21,1.5,18.51,12.9,0.07,73,101.22
2021-01-22,1.54,16.29,10.8,0.44,71.62,101.34
2021-01-23,1,16.59,10.31,0,67.81,101.28
2021-01-24,0.98,17.51,11.29,0,67.94,101.38
2021-01-25,1.63,16.65,12.31,0,77.31,101.47
2021-01-26,1.98,16.49,11.58,0,74.69,101.42
2021-01-27,2.09,15.66,10.17,0,71.88,101.47
2021-01-28,1.74,15.52,9.55,0,69.81,101.5
2021-01-29,1.86,16.43,10.55,0,70.94,101.44
2021-01-30,1.41,16.3,9.78,0,67.06,101.42
2021-01-31,1.77,14.36,6.42,0,61.94,101.62
2021-02-01,1.66,14.65,7.19,0,63.06,101.73
2021-02-02,2.09,14.88,7.62,0,64.25,101.64
2021-02-03,2.05,16.35,9.59,0,66.5,101.52
2021-02-04,1.63,18.09,11.3,0,66.94,101.46
2021-02-05,0.98,19.42,11.6,0,63.56,101.34
2021-02-06,1.2,19.83,12.06,0,62.5,101.25
2021-02-07,2.52,18.05,12.28,0.09,71.69,101.44
2021-02-08,2.34,17.96,10.92,0,65.88,101.42
2021-02-09,2.12,18.08,10.2,0,63,101.35
2021-02-10,1.42,19.43,9.69,0,55.12,101.21
2021-02-11,0.95,20.35,9.83,0,52.69,101.22
2021-02-12,1.04,20.53,10.51,0,53.56,101.29
2021-02-13,1.13,20.63,10.94,0,55,101.33
2021-02-14,0.89,21.36,10.55,0,51.81,101.27
2021-02-15,0.85,21.78,11.8,0,55.62,101.14
2021-02-16,1.2,21.57,11.99,0,57.31,101.16
2021-02-17,1.47,21.37,11.71,0,55.88,101.23
2021-02-18,1.24,23.29,13.08,0,55.44,101.39
2021-02-19,0.76,23.51,13.92,0,56,101.52
2021-02-20,1.23,22.01,13.86,0,61.06,101.56
2021-02-21,1.54,22.38,11.39,0,52.06,101.43
2021-02-22,1.81,22.01,10.51,0,50.25,101.31
2021-02-23,1.48,22.83,10.97,0,48.94,101.13
2021-02-24,0.98,23.84,12.35,0,49.94,100.96
2021-02-25,1.23,24.24,14.79,0,60.5,100.83
2021-02-26,1.67,24.18,15.44,0,65.88,100.65
2021-02-27,1.74,24.98,16.9,0,66.88,100.65
2021-02-28,2.19,25.3,17.11,0,67,100.78
2021-03-01,2.04,26.14,18.78,0,69.38,101.02
2021-03-02,1.22,26.02,16.94,0,63.44,101.1
2021-03-03,1.01,25.5,16.22,0,61.5,101.05
2021-03-04,1.52,24.78,11.19,0,48.31,101.07
2021-03-05,2.78,25.12,17.2,0,66.5,101.01
2021-03-06,2.42,26.3,20.26,0.69,73.31,100.97
2021-03-07,1.9,26.01,18.95,1.37,70.88,101.1
2021-03-08,1.79,25.98,19.83,1.43,72.62,101.21
2021-03-09,2.45,26.88,19.7,0.81,69.75,101.11
2021-03-10,2.2,27.04,19.57,2.22,67.19,101.14
2021-03-11,1.37,27.38,19.72,0.52,66.88,101.24
2021-03-12,1.04,28.32,19.43,0.89,62.25,101.33
2021-03-13,1.4,27.82,18.03,1.67,57.88,101.22
2021-03-14,1.82,26.84,16.29,0.16,56,101.05
2021-03-15,1.41,26.41,15.1,1.06,52.75,100.99
2021-03-16,1.4,27.44,13.18,0,44.62,100.94
2021-03-17,1.18,27.84,10.67,0,36.94,100.9
2021-03-18,0.85,28.55,10.31,0,33.5,100.88
2021-03-19,0.91,28.39,14.4,0,47.25,100.8
2021-03-20,1.09,27.94,14.85,0,48.06,100.64
2021-03-21,1.09,29.58,16.29,0,48.38,100.69
2021-03-22,1.09,30.76,15.57,0,42.88,100.91
2021-03-23,1.3,30.36,14.54,0,40.62,100.97
2021-03-24,1.95,30.6,16.07,0,45.25,100.82
2021-03-25,1.78,30.44,13.7,0,40.5,100.79
2021-03-26,1.41,29.4,11.53,0,36.31,100.82
2021-03-27,1.23,29.62,11.6,0,35.44,100.78
2021-03-28,1.24,28.9,13.63,0,41.5,100.66
2021-03-29,2.68,29.92,18.73,0.09,55.44,100.47
2021-03-30,3.23,30.46,20.67,1.35,61.81,100.03
2021-03-31,4.36,30.72,22.16,1.43,67.06,99.82
2021-04-01,3.47,30,21.58,2.54,67.62,100.12
2021-04-02,3.1,29.78,20.44,0.11,63.31,100.5
2021-04-03,1.28,30.04,18.58,0.03,56.81,100.66
2021-04-04,1.18,29.72,16.8,0.73,49.06,100.72
2021-04-05,1.3,29.99,16.29,2.58,47.38,100.88
2021-04-06,1.65,29.48,16.69,3.32,51.75,100.87
2021-04-07,2.93,30.02,19.12,0,57.81,100.9
2021-04-08,2.9,30.24,20.59,0.09,61.38,100.76
2021-04-09,1.91,30.42,19.89,0.72,58.38,100.77
2021-04-10,1.58,30.85,18.82,1.26,50.94,100.86
2021-04-11,1.95,31.9,19.55,0.11,51.75,100.96
2021-04-12,2.3,32.63,19.29,0.02,48.62,100.96
2021-04-13,2.47,32.7,16.87,0.01,41.88,100.84
2021-04-14,2.33,32.01,17.89,0.01,48.06,100.76
2021-04-15,2.77,30.07,20.18,0.02,59.38,100.67
2021-04-16,2.8,29.48,17.95,0.65,53.88,100.78
2021-04-17,1.91,28.94,19.85,10.83,62.25,100.91
2021-04-18,2.18,29.48,20.47,14.24,61.88,100.85
2021-04-19,3.2,30.9,19.4,0.36,55.12,100.59
2021-04-20,2.96,31.1,19.73,0.51,58.62,100.58
2021-04-21,2.56,31.62,21.76,0.07,59.81,100.73
2021-04-22,1.64,31.56,20.51,4.46,56.5,100.74
2021-04-23,1.78,31.23,18.66,0.07,50.44,100.69
2021-04-24,1.45,31.68,14.07,0,37.44,100.65
2021-04-25,1.45,31.78,17.58,0,47.19,100.6
2021-04-26,1.68,32.9,18.87,0,48,100.55
2021-04-27,2.57,32.73,20.55,0,52.19,100.62
2021-04-28,2.5,31.93,21.06,0.03,56.38,100.82
2021-04-29,0.93,31.03,20.73,1.7,56.62,100.83
2021-04-30,1.36,31.49,19.72,2.99,52.06,100.7
2021-05-01,2.24,32.01,20.17,0.41,52.81,100.74
2021-05-02,2.51,31.79,20.53,1.51,54.62,100.74
2021-05-03,1.89,28.46,22.74,14.43,71.88,100.7
2021-05-04,1.09,27.26,22.24,27.31,74.81,100.82
2021-05-05,1.16,26.81,20.9,4.63,71,100.85
2021-05-06,1.3,28.84,20.4,2.21,62.06,100.91
2021-05-07,1.7,29.73,22.37,7.8,66.75,100.99
2021-05-08,1.12,29.72,22.1,4.98,66.06,100.86
2021-05-09,0.95,30.59,21.19,2.71,59.25,100.7
2021-05-10,2.23,29.96,22.76,12.98,67.62,100.58
2021-05-11,1.33,29.2,23.27,15.59,72.19,100.56
2021-05-12,0.91,29.08,22.96,8.71,71.5,100.44
2021-05-13,2.2,29.18,23.44,9.53,73.06,100.41
2021-05-14,2.01,29.8,23.44,10.07,71.31,100.28
2021-05-15,2.77,31.48,23.76,5.81,67.62,100.4
2021-05-16,1.88,31.06,24.72,25.07,71.5,100.55
2021-05-17,2,32.15,25.11,3.55,69.06,100.52
2021-05-18,2.52,31.62,25.73,9.86,72.94,100.44
2021-05-19,2.41,30.65,26.02,5.42,77.75,100.4
2021-05-20,2.4,30.98,26.19,3.22,76.81,100.38
2021-05-21,2.77,30.94,25.2,1.53,73.62,100.34
2021-05-22,2.05,31.83,25.23,0.13,70.38,100.2
2021-05-23,1.02,32.17,25.1,0.09,67.25,100.14
2021-05-24,1.79,29.86,25.61,7.78,78.5,100.12
2021-05-25,3.52,29.57,25.16,29.78,78.12,99.92
2021-05-26,6.41,28.3,24.15,13.97,78.75,99.78
2021-05-27,6.31,29.48,25.04,3.6,78.06,100.13
2021-05-28,3.43,30.65,25.88,3.69,77.38,100.48
2021-05-29,2.29,30.64,25.44,1.9,75.94,100.47
2021-05-30,2.66,30.65,25.59,2.57,75.88,100.33
2021-05-31,3.75,28.63,26.73,50.31,89.56,100.18
2021-06-01,2.75,28.9,26.8,22.24,88.69,100.29
2021-06-02,2.14,28.37,26.37,17.63,89.12,100.42
2021-06-03,2.64,29.46,26.62,5.57,85.44,100.53
2021-06-04,2.47,29.51,26.67,3.26,85.31,100.51
2021-06-05,2.34,29.17,27.26,23.56,89.62,100.39
2021-06-06,2.62,29.31,27.3,42.06,89.25,100.33
2021-06-07,3.55,29.01,27.05,31.33,89.38,100.23
2021-06-08,2.95,28.12,26.92,20.46,93.12,100.13
2021-06-09,2.39,28.04,25.91,19.07,88.44,100.07
2021-06-10,1.3,28.12,25.32,7.65,85.19,99.94
2021-06-11,3.16,27.28,26.07,18.09,93.06,99.71
2021-06-12,3.3,27.92,26.5,14.93,92,99.77
2021-06-13,3.59,28.9,26.38,4.56,86.81,99.84
2021-06-14,4.27,29.1,26.82,8.44,87.94,99.67
2021-06-15,3.73,28.55,26.72,18.65,90,99.54
2021-06-16,3.62,28.12,26.17,6.88,89.44,99.72
2021-06-17,4.5,27.39,25.17,16.59,88,100.06
2021-06-18,2.85,27.51,25.37,34.14,88.56,100.19
2021-06-19,3.23,27.35,25.23,36.04,88.56,100.28
2021-06-20,3.54,27.16,25.45,17.92,90.5,100.22
2021-06-21,2.98,27.69,25.94,25.28,90.38,100.16
2021-06-22,3.21,27.76,25.48,4.26,87.81,100.24
2021-06-23,3.01,28.09,25.6,4.87,86.94,100.34
2021-06-24,3.27,28.48,26.2,3.99,88,100.21
2021-06-25,3.24,28.18,25.77,3.98,87.31,100.14
2021-06-26,3.33,28.46,26.29,7.6,88.44,100.28
2021-06-27,3.27,28.72,26.44,2.5,88,100.52
2021-06-28,3.4,28.45,26.48,5.93,89.38,100.47
2021-06-29,3.6,28.53,26.85,12.99,90.81,100.28
2021-06-30,3.49,28.98,27.17,41.95,90.19,100.08
2021-07-01,4.16,28.4,26.94,51.59,91.75,100
2021-07-02,4.48,27.69,25.91,34.2,90.12,100.15
2021-07-03,4.31,28.33,26.71,22.22,91.06,100.19
2021-07-04,2.43,29.01,26.3,19.28,86,100.26
2021-07-05,3.31,28.96,27.06,3.48,89.75,100.23
2021-07-06,2.61,29.05,27.09,22.23,89.5,100.09
2021-07-07,3.22,28.72,27.22,16.87,91.69,100.17
2021-07-08,3.04,28.61,26.75,11.93,89.94,100.2
2021-07-09,2.33,28.68,26.28,1.33,87.31,100.09
2021-07-10,1.7,28.7,26.26,2.99,87.12,100.12
2021-07-11,1.67,29.05,26.55,11.03,86.94,100.32
2021-07-12,1.54,29.01,25.83,5.16,83.81,100.45
2021-07-13,3.34,28.12,26.33,5.76,90.19,100.39
2021-07-14,2.84,28.51,26.05,3.3,87.06,100.45
2021-07-15,1.37,28.96,26.04,1.67,84.81,100.46
2021-07-16,1.47,28.44,25.72,11.33,85.56,100.6
2021-07-17,2.16,28.73,26.61,8.06,88.5,100.45
2021-07-18,1.56,27.97,26,9.24,89.25,100.23
2021-07-19,2.12,27.82,26.19,18.87,90.94,100.05
2021-07-20,1.56,29.02,26.19,20.52,85.38,99.96
2021-07-21,1.61,28.94,26.13,6.97,85.19,99.74
2021-07-22,3.14,28.83,26.39,12.75,87.12,99.61
2021-07-23,4.55,28.15,26.68,10.76,91.75,99.73
2021-07-24,4.72,28.67,27.11,35.51,91.38,99.88
2021-07-25,2.95,28.8,26.92,8.27,89.88,99.9
2021-07-26,1.3,29.84,27.33,3.24,86.94,99.63
2021-07-27,1.2,29.62,27.88,15.34,90.44,99.33
2021-07-28,4.2,28.63,27.55,14.85,93.81,99.22
2021-07-29,6.8,27.63,26.36,29.18,92.69,99.34
2021-07-30,5.33,28.25,26.53,21.24,90.56,99.86
2021-07-31,3.7,28.3,26.51,13.59,90.31,100.05
2021-08-01,2.34,27.87,26.41,21.6,91.88,99.95
2021-08-02,2.49,28.1,26.33,4.62,90.38,99.97
2021-08-03,1.53,28.83,26.49,12.76,87.69,99.97
2021-08-04,2.41,28.56,26.45,10.75,88.75,99.98
2021-08-05,1.55,29.59,26.51,11.55,84.19,99.84
2021-08-06,3.96,28.17,27.25,46.28,94.62,99.72
2021-08-07,3.83,28.54,26.9,34.69,91,100.14
2021-08-08,2.78,28.87,27.13,9.45,90.56,100.41
2021-08-09,2.36,29.08,27.03,9.49,89.06,100.36
2021-08-10,2.91,28.97,27.4,9.28,91.38,100.14
2021-08-11,2.95,29.06,27.39,5.69,90.88,100.15
2021-08-12,4.16,28.5,26.97,18.22,91.5,100.3
2021-08-13,2.97,28.1,25.76,31.42,87.5,100.22
2021-08-14,2.77,29.02,26.9,13.71,88.75,100.06
2021-08-15,2.05,28.3,26.78,18.58,91.62,100.21
2021-08-16,2.15,28.35,26.44,7.32,89.69,100.41
2021-08-17,3.14,28.16,26.54,15.24,91.12,100.46
2021-08-18,3.34,27.62,26.65,17.26,94.38,100.34
2021-08-19,3.32,27.33,26.12,9.57,93.06,100.43
2021-08-20,2.86,27.75,26.06,3.69,90.75,100.67
2021-08-21,1.92,28.01,25.76,0.93,88,100.78
2021-08-22,2.44,28.5,26,4.52,86.88,100.59
2021-08-23,2.75,28.86,26.8,7.43,89,100.43
2021-08-24,2.45,28.41,26.9,11.26,91.62,100.3
2021-08-25,2.62,28.16,26.58,15.67,91.25,100.09
2021-08-26,3.09,28.34,26.57,2.96,90.38,100.05
2021-08-27,2.52,27.4,26.08,18.96,92.5,100.24
2021-08-28,2.31,27.65,26.01,4.73,91.06,100.24
2021-08-29,2.48,27.33,25.91,3.26,92.06,100.36
2021-08-30,1.92,27.08,25.75,9.08,92.5,100.63
2021-08-31,2.04,28.15,25.99,3.01,88.5,100.73
2021-09-01,1.4,27.55,25.58,4.84,89.12,100.68
2021-09-02,1.56,26.93,25.5,14.28,91.88,100.5
2021-09-03,1.13,28.12,24.39,1.75,80.94,100.33
2021-09-04,1.07,28.96,25.54,3.35,82.69,100.21
2021-09-05,1.36,28.91,26.35,17.97,86.5,100.19
2021-09-06,3.13,28.08,26.37,13.54,90.56,100.49
2021-09-07,3.04,27.71,26.03,7.91,90.75,100.76
2021-09-08,1.74,27.91,25.69,2.45,88.19,100.61
2021-09-09,0.78,28.7,25.62,3.19,83.81,100.42
2021-09-10,1.92,28.15,26.29,4.57,89.75,100.29
2021-09-11,1.95,28.27,25.99,11.46,87.81,100.3
2021-09-12,3.23,27.99,26.15,1.35,89.94,100.01
2021-09-13,4.3,27.65,26.12,2.41,91.44,100.13
2021-09-14,3.09,27.41,26.19,9.87,93.06,100.56
2021-09-15,1.59,28.34,26.11,10.4,88.12,100.63
2021-09-16,1.88,27.62,25.92,9.07,90.69,100.4
2021-09-17,1.72,27.97,25.86,8.88,88.81,100.35
2021-09-18,1.62,27,25.57,16.1,91.94,100.54
2021-09-19,1.11,27.3,25.43,38.59,89.75,100.67
2021-09-20,2.21,26.7,25.54,10.31,93.31,100.61
2021-09-21,2.09,26.78,25.37,2,92.06,100.56
2021-09-22,1.76,26.55,24.88,4.79,90.75,100.46
2021-09-23,1.34,28.21,24.97,1.81,83.5,100.59
2021-09-24,1.17,28.58,25.52,0.38,84.19,100.58
2021-09-25,1.3,28.46,25.69,15.72,85.25,100.46
2021-09-26,1.16,28.77,25.88,13.23,84.81,100.4
2021-09-27,1.83,28.05,26.08,12.63,89.25,100.42
2021-09-28,2.3,26.81,25.53,13.87,92.75,100.71
2021-09-29,2.05,26.92,25.23,8.97,90.69,100.8
2021-09-30,0.92,27.74,25.09,11.05,86,100.87
2021-10-01,0.59,28.52,22.29,0.69,71.38,100.81
2021-10-02,1.45,28.05,25.33,2.18,85.5,100.74
2021-10-03,2.39,28.01,26.16,4.38,90.06,100.62
2021-10-04,2.56,27.36,26.2,8.93,93.44,100.59
2021-10-05,0.88,27.91,24.75,13.94,83.56,100.78
2021-10-06,0.79,28.01,24.08,14.01,79.56,100.65
2021-10-07,0.75,28.59,24.7,4.66,80,100.45
2021-10-08,0.72,28.54,25.26,10.3,83.12,100.36
2021-10-09,0.73,28.72,25.26,2.53,82.25,100.42
2021-10-10,1.02,28.8,25.66,2.09,83.62,100.45
2021-10-11,1.98,28.27,25.81,0.06,87.06,100.36
2021-10-12,1.91,27.8,26.27,4.62,91.5,100.28
2021-10-13,0.9,28.28,26.12,9.82,88.31,100.27
2021-10-14,1.03,28.51,25.59,4.29,84.5,100.33
2021-10-15,0.99,28.88,26.12,2.82,85.31,100.19
2021-10-16,1.19,28,26.31,4,90.5,100.4
2021-10-17,1.98,27.71,25.73,13.64,89.12,100.64
2021-10-18,3.67,26.29,25.27,40.63,94.06,100.76
2021-10-19,3.05,26.61,25.47,29.74,93.44,101.01
2021-10-20,2.52,27.09,25.55,21.07,91.44,101.01
2021-10-21,2.41,26.18,23.52,3.21,85.88,100.92
2021-10-22,0.92,24.55,20.12,3.5,77.31,101.09
2021-10-23,1.02,24.82,20.23,0.14,76.38,101.2
2021-10-24,0.57,25.87,20.33,0.05,72,101.23
2021-10-25,0.7,25.3,20.52,1.08,75.31,101.1
2021-10-26,0.85,25.29,20.51,0.31,75.12,101.07
2021-10-27,1.23,24.64,21.76,1.67,84.19,101.17
2021-10-28,1.39,25.58,22.64,0.2,84.12,101.18
2021-10-29,1.96,25.62,22.91,0,85.44,101.25
2021-10-30,2.07,24.98,22.37,0,85.94,101.25
2021-10-31,2.02,23.95,20.91,0,83.75,101.23
2021-11-01,1.42,22.57,18.78,0,79.94,101.33
2021-11-02,1.45,22.33,17.8,0,76.25,101.37
2021-11-03,1.32,23.01,19.3,0,80.06,101.27
2021-11-04,1.08,23.28,19.32,0,79.44,101.24
2021-11-05,1.61,22.01,18.61,0,81.81,101.13
2021-11-06,1.61,21.55,17.72,0,79.94,100.98
2021-11-07,1.98,21.15,18.04,0,83.06,101.01
2021-11-08,1.67,20.93,17.87,0,83.44,101.07
2021-11-09,1.17,21.17,18.03,0,83.12,101.14
2021-11-10,1.06,21.69,18.19,0,81.31,101.14
2021-11-11,0.97,22.46,18.59,0,79.69,101.11
2021-11-12,1.19,23.39,20.02,0,81.75,101.16
2021-11-13,1.31,23.09,21.15,1.26,88.94,101.19
2021-11-14,1.11,23.65,21.62,7.6,88.75,101.09
2021-11-15,1.03,23.13,21.36,10.06,89.94,100.96
2021-11-16,1.62,22.64,20.79,4.88,89.56,101.05
2021-11-17,2.15,21.62,18.81,1.14,85,101.26
2021-11-18,1.16,21.18,16.74,0,77.62,101.09
2021-11-19,1.1,21.67,17.64,0,78.75,100.95
2021-11-20,1.21,21.91,18.63,0,82.19,100.97
2021-11-21,0.85,23.05,19.58,0,81.25,101.07
2021-11-22,0.65,23.8,19.34,0,77,101.05
2021-11-23,0.98,23.19,19.92,0,82.38,101.09
2021-11-24,1.85,21.76,19.22,0,86.06,101.24
2021-11-25,1.45,20.4,15.42,0,74.75,101.26
2021-11-26,1.73,19.2,14.51,0,75.12,101.35
2021-11-27,1.56,19.12,14.34,0,75.31,101.39
2021-11-28,1.59,19.01,14.19,0,74.5,101.44
2021-11-29,1.65,18.33,14.71,0,80.5,101.42
2021-11-30,1.38,19.73,15.9,0,79.75,101.37
2021-12-01,1.25,21.17,17.41,0,80.06,101.34
2021-12-02,0.99,21.74,16.86,0,75.62,101.33
2021-12-03,1.02,22.1,18.3,0.08,80,101.46
2021-12-04,1.02,22.3,19.9,1.87,86.69,101.41
2021-12-05,1.7,21.83,20.9,21.75,94.38,101.43
2021-12-06,3.42,22.42,21.55,67.85,94.69,101.12
2021-12-07,1.91,22.51,20.58,32.06,89.12,101.23
2021-12-08,1.76,21.46,19.37,2.21,88.38,101.49
2021-12-09,1.62,21.73,18.97,1.42,84.88,101.63
2021-12-10,1.9,20.05,17.28,2.55,84.5,101.62
2021-12-11,1.58,19.23,16.08,1.18,82.81,101.64
2021-12-12,2.4,17.15,13.14,0,78,101.72
2021-12-13,1.59,16.64,13.42,0,81.62,101.59
2021-12-14,1.52,17.17,14.57,0,85.31,101.47
2021-12-15,1.55,17.2,14.48,0,84.12,101.46
2021-12-16,1.74,16.69,13.89,0,84.31,101.51
2021-12-17,1.8,16.93,13.91,0,82.94,101.5
2021-12-18,1.59,17.13,13.31,0,79.62,101.45
2021-12-19,2.03,16.36,13.87,0,85.31,101.54
2021-12-20,1.9,14.5,11.05,0,81.44,101.57
2021-12-21,1.08,16.29,13.19,0,82.69,101.43
2021-12-22,1.31,17.27,14.23,0.03,82.75,101.29
2021-12-23,1.1,17.91,13.67,0,77.38,101.31
2021-12-24,1.15,17.9,14.44,0.01,81.06,101.37
2021-12-25,0.8,18.33,13.58,0,75.69,101.45
2021-12-26,1.17,18,13.83,0,77.62,101.65
2021-12-27,1.13,18,13.5,0,75.56,101.74
2021-12-28,1.34,17.9,14.32,0,80.19,101.7
2021-12-29,1.27,17.72,14.14,0,80.94,101.7
2021-12-30,1.47,17.98,14.47,0,81.44,101.85
2021-12-31,2.02,17.47,14.62,0,84.44,101.88
2022-01-01,1.88,16.76,14.23,0,85.56,101.81
2022-01-02,1.77,16.8,13.99,0,83.69,101.65
2022-01-03,1.61,16.98,14.19,0,83.69,101.54
2022-01-04,1.74,16.65,13.83,0,83.69,101.6
2022-01-05,1.55,16.57,12.67,0,79,101.54
2022-01-06,1.25,17.27,13.35,0,78.94,101.5
2022-01-07,1.52,17.99,14.62,0,81.56,101.56
2022-01-08,1.58,18.28,15.45,0,84.12,101.54
2022-01-09,1.21,18.97,15.82,0,82.19,101.37
2022-01-10,1.3,19.61,16.39,0,82.38,101.41
2022-01-11,1.42,19.55,16.64,0.01,83.81,101.41
2022-01-12,1.32,19.18,17.19,2.29,88.81,101.41
2022-01-13,1.21,18.79,16.17,2.34,85.5,101.53
2022-01-14,2.06,17.62,13.93,1,80.12,101.56
2022-01-15,1.88,17.45,13.14,0.08,77.56,101.47
2022-01-16,2.94,16.89,13.15,0.04,80.06,101.66
2022-01-17,1.84,16.61,12.87,0,80,101.71
2022-01-18,1.41,16.75,13.73,0,82.56,101.49
2022-01-19,1.15,17.82,13.57,0,77.38,101.28
2022-01-20,1.19,17.23,13.49,0,79.75,101.06
2022-01-21,0.8,17.8,10.87,0,65.38,101.13
2022-01-22,0.89,18.46,12.23,0,67.88,101.06
2022-01-23,1.12,18.71,13.6,0.16,73.12,101.06
2022-01-24,1.26,17.28,15.11,6,87.38,101.1
2022-01-25,1.61,18.8,15.08,2.52,79.88,101.1
2022-01-26,0.77,19,14.46,2.2,76.06,101.21
2022-01-27,1.49,17.3,14.05,5.76,81.94,101.3
2022-01-28,1.81,14.8,9.86,0.4,74.94,101.5
2022-01-29,1.62,14.18,9.75,0,76.31,101.46
2022-01-30,1.38,15.25,9.73,0,72.12,101.23
2022-01-31,0.88,16.66,9.71,0,64.81,101.19
2022-02-01,1.91,17.3,13.46,0.06,79,101.02
2022-02-02,1.11,18.56,11.43,0.03,66.31,101.22
2022-02-03,1.7,18.01,12.96,0.06,73.38,101.25
2022-02-04,2.39,18.69,15.07,8.26,80.69,101.07
2022-02-05,2.72,17.49,12.94,21.84,76.56,101.11
2022-02-06,1.34,15.48,10.51,17.18,73.94,101.54
2022-02-07,1.76,15.08,10.03,0,73.62,101.52
2022-02-08,1.4,16.97,10.23,0,65.81,101.41
2022-02-09,1.19,18.2,11.08,0,64.31,101.49
2022-02-10,1.29,18.51,13.64,0.05,74.12,101.36
2022-02-11,1.7,18.71,13.89,0.07,75.19,101.32
2022-02-12,1.58,17.01,10.02,0,65.5,101.35
2022-02-13,2.34,16.85,11.04,0,70.38,101.16
2022-02-14,1.66,17.22,11.41,0,71.62,101.15
2022-02-15,1.23,18.16,10.55,0,63.94,101.11
2022-02-16,1.23,18.64,10.2,0,59.75,100.94
2022-02-17,1.46,18.87,10.26,0,58.88,100.95
2022-02-18,1.6,19.27,9.39,0,54.25,101.1
2022-02-19,1.57,19.57,9.55,0,53.56,101.17
2022-02-20,1.84,19.09,13.63,2.54,73,100.88
2022-02-21,1.6,19.81,13.01,1.4,68.5,100.92
2022-02-22,1.14,20.46,13.34,1.54,65.44,101.36
2022-02-23,1.25,21.46,14.66,0.02,66.56,101.56
2022-02-24,1.48,21.81,16.82,0.06,75.12,101.54
2022-02-25,1.01,22.62,17.44,0.83,74.69,101.51
2022-02-26,1.27,23.08,17.46,0.61,72.62,101.54
2022-02-27,1.12,23.12,15.31,0.02,64.38,101.47
2022-02-28,1.41,23.68,16.53,0.84,65.88,101.35
2022-03-01,1.78,23.15,15.04,0.34,62.88,101.43
2022-03-02,2.04,22.27,13.65,0,60.19,101.39
2022-03-03,1.68,22.98,13.3,0,56.5,101.35
2022-03-04,1.38,23.66,12.48,0,51.69,101.26
2022-03-05,1.33,23.99,13.29,0,52.62,101.13
2022-03-06,1.87,23.85,13.73,0,55.12,101.09
2022-03-07,1.76,23.91,14.65,0,60,101.05
2022-03-08,1.34,24.5,14.43,0,56.56,100.95
2022-03-09,1.18,25.01,14.55,0,54.81,100.96
2022-03-10,1.28,24.56,12.74,0,50.94,100.94
2022-03-11,1.43,24.65,13.07,0,51.12,100.9
2022-03-12,1.65,24.8,12.59,0,48.69,100.82
2022-03-13,1.95,24.95,13.39,0,51.69,100.87
2022-03-14,1.88,25.75,13.95,0,51.25,100.79
2022-03-15,1.41,26.84,13.53,0,46.5,100.59
2022-03-16,1.24,26.39,13.73,0,49.56,100.53
2022-03-17,0.81,27.79,15.02,0,52.88,100.67
2022-03-18,1.41,27.76,15.12,0,49.75,100.68
2022-03-19,1.48,27.65,15.37,0,50.19,100.51
2022-03-20,2.29,26.53,16.5,0,58.12,100.48
2022-03-21,1.77,26.06,16.36,0,61.06,100.63
2022-03-22,1.52,27.78,19.31,0,64.12,100.64
2022-03-23,1.25,29.51,17.76,0,53.69,100.57
2022-03-24,4.04,29.05,19.54,0.02,60.38,100.51
2022-03-25,4.27,28.51,21.72,0.07,70.81,100.58
2022-03-26,3.87,29.08,22.39,0.27,70.44,100.7
2022-03-27,2.64,28.56,21.96,0.7,70.75,100.91
2022-03-28,2.16,28.39,21.14,1.86,69.31,100.8
2022-03-29,3.23,28.16,21.9,4.28,72.12,100.67
2022-03-30,2.73,28.46,22.25,3.42,71.88,100.72
2022-03-31,3.54,29.43,22.35,0.49,69.06,100.74
2022-04-01,4,29.67,22.59,0.18,68.75,100.74
2022-04-02,2.7,29.33,22.4,1.46,69.25,100.94
2022-04-03,3.7,29.34,21.65,0.24,66.5,100.88
2022-04-04,4.91,29.82,21.44,0.26,63.94,100.88
2022-04-05,3.71,29.63,21.57,0.5,65.81,101.07
2022-04-06,2.93,29.65,21.49,0.35,65.56,101.07
2022-04-07,1.85,30.28,19.98,0.07,58.75,100.99
2022-04-08,2.83,30.65,19.09,0,53.75,100.79
2022-04-09,3.19,30.41,20.92,0.41,62.31,100.64
2022-04-10,3.11,30.71,20.9,0.44,60.81,100.57
2022-04-11,3.35,31.12,22.01,0.94,62.81,100.43
2022-04-12,2.85,31.18,22.28,0.5,63.06,100.5
2022-04-13,3.7,31.33,22.04,0.23,62,100.38
2022-04-14,4.32,30.23,23.12,1.34,68.56,100.24
2022-04-15,4.23,31.65,22.26,0.92,62.94,100.19
2022-04-16,4.62,30.29,23.44,2.22,69.75,100.28
2022-04-17,4.12,30.58,22.44,1.42,64.94,100.39
2022-04-18,3.07,30.66,22.62,2.93,65.94,100.59
2022-04-19,3.3,31.06,22.32,1.71,63.12,100.71
2022-04-20,2.64,29.55,22.05,1.13,66.94,100.72
2022-04-21,1.55,30.12,21.32,0.32,62.25,100.66
2022-04-22,2.93,31.16,21.14,0.55,59,100.64
2022-04-23,3.09,31.58,22.39,0.97,62.38,100.56
2022-04-24,3.7,32.49,22.06,0.29,59.38,100.35
2022-04-25,3.49,32.12,22.9,0.82,62.62,100.38
2022-04-26,3.38,32.19,22.91,0.76,62.62,100.42
2022-04-27,3.6,32.27,22.47,0.63,60.44,100.41
2022-04-28,2.09,33,21.68,0.48,56.62,100.5
2022-04-29,2.51,33.51,22.02,0.58,54.62,100.43
2022-04-30,2.88,32.18,21.04,0.61,55.94,100.43
2022-05-01,1.97,32.03,18.43,0,47.94,100.35
2022-05-02,2.96,31.81,20.29,0.94,54.06,100.41
2022-05-03,2.84,30.46,21.65,1.72,60.94,100.56
2022-05-04,1.89,29.94,21.14,2.35,61.94,100.67
2022-05-05,1.77,30.2,21.69,2.55,63.12,100.56
2022-05-06,1.31,31.03,21.33,1.65,59.44,100.49
2022-05-07,1.02,31.89,20.12,0.2,53.88,100.44
2022-05-08,2.02,31.98,20.25,0.19,54.44,100.42
2022-05-09,2.69,30.97,21.71,2.66,61.12,100.51
2022-05-10,3.04,28.8,23.86,11.58,75.5,100.55
2022-05-11,3.18,28.44,24.74,18.09,81,100.47
2022-05-12,3.68,30.55,24.66,5.68,73.06,100.3
2022-05-13,4.9,30.48,24.72,6.78,73,100.08
2022-05-14,5.02,31.52,24.55,2.35,69.31,100.1
2022-05-15,4.41,31.56,24.98,2.21,70.5,100.35
2022-05-16,3.59,30.54,24.99,2.66,73.75,100.35
2022-05-17,3.91,30.05,24.94,4.66,76,100.22
2022-05-18,3.58,29.52,25,14.78,78.06,100.39
2022-05-19,3.28,30.33,25.01,3.23,75.12,100.37
2022-05-20,2.54,30.05,24.48,6.37,73.62,100.21
2022-05-21,2.67,29.33,25.21,5.26,79.44,99.9
2022-05-22,2.27,30.52,22.84,1.71,66.06,99.8
2022-05-23,1.68,31,23.12,2.69,65.56,99.89
2022-05-24,0.92,31.55,23.13,0.84,62.56,100.19
2022-05-25,1.78,30.52,23.47,3.75,67,100.31
2022-05-26,2.03,30.99,23,2.69,65.12,100.23
2022-05-27,2.42,31.4,23.21,2.81,64.81,100.02
2022-05-28,2.06,31.53,23.09,1.72,64.38,99.93
2022-05-29,2,29.93,24.09,4.25,71.81,100.05
2022-05-30,1.67,30.18,23.48,1.46,68.69,100.05
2022-05-31,1.7,29.83,23.79,3.14,70.69,100.01
2022-06-01,2.34,29.31,24.9,8.3,77.62,100.06
2022-06-02,2.74,30.32,24.08,5.13,71.56,100.1
2022-06-03,2.81,29.97,24.8,6.98,75.25,100.09
2022-06-04,3.51,29.71,25.26,4.52,78.25,100.18
2022-06-05,3.42,30.46,23.59,0.83,69.69,100.22
2022-06-06,2.91,30.92,24,0.61,69.38,100.17
2022-06-07,3.45,31.08,24.98,3.08,71.94,100.06
2022-06-08,3.39,29.83,25.49,4.31,78.25,100.01
2022-06-09,4.04,30.11,25.65,7.58,78.12,100.02
2022-06-10,2.69,29.3,25.09,6.95,78.88,100.08
2022-06-11,3.76,30.4,24.43,0.58,72.19,100.09
2022-06-12,3.59,30.52,25.38,3.35,75.5,100.22
2022-06-13,3.3,30.96,25.72,3.93,75.31,100.27
2022-06-14,3.94,30.36,25.58,4.5,77.31,100.25
2022-06-15,4.36,29.4,25.36,6.54,80,100.28
2022-06-16,4.42,28.8,25.03,3.35,80.94,100.35
2022-06-17,4.35,27.78,25.33,13.87,86.88,100.4
2022-06-18,4.35,27.36,25.19,26.15,88.25,100.4
2022-06-19,4.27,28.1,25.52,11.28,86.38,100.27
2022-06-20,4.17,27.3,24.88,12.03,87,100.13
2022-06-21,2.85,28.12,25.16,13.4,84.81,99.95
2022-06-22,2.82,28.82,24.48,6.06,79,100.28
2022-06-23,3.17,28.57,25.18,12.5,82.75,100.34
2022-06-24,2.81,28.49,25.04,1.72,82.44,100.3
2022-06-25,3.33,28.53,25.37,5.62,83.75,100.15
2022-06-26,2.98,28.58,25.4,4.85,83.5,100.32
2022-06-27,2.76,29,25.79,16.32,83.62,100.4
2022-06-28,2.8,28.65,25.29,17.82,82.81,100.3
2022-06-29,2.91,29.01,25.82,6.74,83.81,100.13
2022-06-30,2.51,27.85,26.09,12.31,90.38,100.11
2022-07-01,2.42,29,25.94,5.88,84.38,100.01
2022-07-02,2.6,28.71,25.46,4.06,83.38,99.86
2022-07-03,3.01,28.84,25.69,2.85,83.75,99.92
2022-07-04,2.22,28.62,25.65,2.88,84.62,99.9
2022-07-05,2.79,29.23,25.35,0.54,80.75,99.94
2022-07-06,2.83,28.08,26.27,19.59,90.12,100.27
2022-07-07,2.43,29.04,25.81,2.18,83.56,100.35
2022-07-08,2.56,28.68,25.74,1.42,84.75,100.19
2022-07-09,2.52,29.01,25.49,2.46,82.44,100.05
2022-07-10,3.12,29.33,25.77,3.87,82.12,99.99
2022-07-11,3.23,27.97,25.38,1.93,86.31,100.1
2022-07-12,3.77,29.3,25.37,2.49,80.44,99.92
2022-07-13,2.84,29.77,25.9,7.72,80.56,99.74
2022-07-14,3.11,28.67,26.51,7.17,88.38,99.81
2022-07-15,2.8,28.69,25.93,5.76,85.56,100.06
2022-07-16,3.66,29.51,25.83,0.83,81.62,100.12
2022-07-17,3.48,29.62,25.97,1.27,81.75,100.3
2022-07-18,2.6,29.32,25.77,1.7,82.25,100.24
2022-07-19,3.02,29.21,25.97,9.15,83.5,100.1
2022-07-20,2.32,28.06,25.9,23.21,88.31,100.14
2022-07-21,2.41,29.15,26.1,3.11,84.25,100.21
2022-07-22,2.52,29.4,26.16,3.17,83.38,100.28
2022-07-23,2.1,28.07,25.42,15.19,85.94,100.29
2022-07-24,1.85,28.4,25.4,4.54,84.5,100.42
2022-07-25,1.79,27.11,24.75,11.72,87.19,100.67
2022-07-26,1.1,28.34,24.65,7.17,81.19,100.73
2022-07-27,1.16,28.51,25.3,17.94,83.25,100.62
2022-07-28,1.72,28.7,25.3,11.69,82.69,100.59
2022-07-29,1.57,28.26,25.08,6.21,83.38,100.53
2022-07-30,2.78,27.94,24.8,2.23,83.81,100.39
2022-07-31,3,27.69,24.94,3.71,85.56,100.21
2022-08-01,1.97,29.07,26.2,10.24,85.19,100.15
2022-08-02,1.3,29.73,26.3,5.56,82.62,100.09
2022-08-03,1.34,28.76,25.9,5.14,85.06,100.25
2022-08-04,1.84,28.44,26.01,4.57,87.19,100.27
2022-08-05,1.77,28.95,26.09,2.23,85.12,100.08
2022-08-06,2.46,28.57,26.06,3.38,86.81,99.92
2022-08-07,2.08,29.87,25.77,1.08,79.81,99.77
2022-08-08,3.24,28.78,26.02,15.15,85.75,99.73
2022-08-09,4.64,28.63,25.83,8.66,85.38,99.81
2022-08-10,4.22,28.32,25.87,8.43,86.88,99.79
2022-08-11,4.16,28.26,25.92,8.58,87.62,99.99
2022-08-12,1.71,28.88,25.63,1.52,83.38,99.94
2022-08-13,2.96,28.09,26.28,9.54,90.12,99.85
2022-08-14,5.9,27.9,25.69,10.45,88.06,100.16
2022-08-15,3.47,28.01,25.96,5.15,88.94,100.53
2022-08-16,1.42,29.02,25.56,1.66,82.44,100.43
2022-08-17,1.36,29.83,26.19,2.88,81.5,100.18
2022-08-18,1.71,30.35,26.29,1.62,79.94,99.82
2022-08-19,4.2,29.25,25.99,9.59,83.19,99.95
2022-08-20,3.98,28.66,26.08,5.24,86.38,100.14
2022-08-21,2.14,28.52,25.9,2.4,86.25,100.12
2022-08-22,1.41,29.49,25.52,2.27,80.38,100.04
2022-08-23,2,28.12,26.37,28.71,90.38,100.22
2022-08-24,2.95,28.44,25.23,0.9,83.62,100.46
2022-08-25,1.81,28.87,25.19,0.55,81.56,100.38
2022-08-26,1.98,28.84,25.32,0.69,82.12,100.19
2022-08-27,3.19,28.55,25.23,1.12,83.31,100.24
2022-08-28,2.89,28.39,25.42,3.38,84.56,100.49
2022-08-29,1.83,29.01,25.45,1.61,82.12,100.68
2022-08-30,1.59,29.12,25.08,3.04,79.81,100.72
2022-08-31,1.91,28.24,25.1,12.42,83.69,100.56
2022-09-01,2.37,27.21,24.19,6.62,84.25,100.64
2022-09-02,2.39,27.71,25.48,9.62,87.94,100.69
2022-09-03,2.77,28.93,26.15,4.98,85.62,100.4
2022-09-04,2.11,28.6,26.44,11.49,88.44,100.36
2022-09-05,2.03,28.94,26.72,7.59,88.25,100.42
2022-09-06,0.72,29.05,25.66,3.84,82.75,100.51
2022-09-07,1.02,29.58,25.86,2.66,81.06,100.56
2022-09-08,1.97,30.42,26.16,8.66,79,100.61
2022-09-09,1.41,28.47,25.97,31.92,86.56,100.62
2022-09-10,2.59,27.98,26.29,54.77,90.75,100.56
2022-09-11,2.98,26.87,25.83,31.09,94.12,100.51
2022-09-12,2.47,27.26,26.15,35.78,93.75,100.43
2022-09-13,3.14,27.21,26.08,26.61,93.69,100.56
2022-09-14,1.96,27.4,25.62,10.12,90.31,100.7
2022-09-15,2.14,27.58,25.88,9.36,90.81,100.53
2022-09-16,1.88,27.17,25.88,13.83,92.81,100.23
2022-09-17,1.64,28.32,25.8,3.04,86.88,100.23
2022-09-18,1.7,28.17,26.08,3.34,88.81,100.26
2022-09-19,2.06,27.58,26.01,20.7,91.31,100.36
2022-09-20,3.77,27.94,25.94,3.7,89.25,100.42
2022-09-21,2.98,27.88,25.98,4.07,89.75,100.5
2022-09-22,2.06,27.65,25.8,2.37,89.94,100.54
2022-09-23,1.72,27.88,25.46,0.73,87.19,100.54
2022-09-24,0.93,28.33,25.08,0.64,83.25,100.46
2022-09-25,1.58,27.64,25.39,2.55,87.88,100.51
2022-09-26,1.27,27.93,24.98,0.6,84.38,100.61
2022-09-27,1.05,28.46,25.38,4.97,83.69,100.48
2022-09-28,1.63,28.33,25.06,1.46,83,100.37
2022-09-29,1.3,29.02,24.94,0.14,79.06,100.33
2022-09-30,1.42,28.94,25.23,0.07,81,100.29
2022-10-01,1.43,28.58,25.83,3.13,85.31,100.18
2022-10-02,2.41,27.76,26.07,41.04,90.75,100.11
2022-10-03,3.3,27.46,25.93,12.99,91.56,100.39
2022-10-04,2.2,27.38,25.33,2.82,88.88,100.79
2022-10-05,1.7,27.56,25.48,1.63,88.88,100.92
2022-10-06,1.67,27.61,25.38,15.6,88.12,100.94
2022-10-07,0.68,28.28,23.64,13.99,76.88,100.93
2022-10-08,1.1,27.56,24.47,0.27,83.62,100.93
2022-10-09,1.43,26.87,25.19,2.47,90.75,101.1
2022-10-10,1.7,27.23,25.24,7.27,89.25,101.11
2022-10-11,2.2,27.3,25.58,6.83,90.69,100.97
2022-10-12,1.91,26.94,25.03,3.35,89.69,100.95
2022-10-13,1.48,26.86,24.57,1.91,87.75,100.94
2022-10-14,0.83,27.33,24.42,3.45,84.5,100.9
2022-10-15,1.86,26.86,24.32,1.18,86.38,100.83
2022-10-16,2.2,26.47,23.55,0.18,84.62,100.99
2022-10-17,1.66,26.44,23.33,0,83.69,101.05
2022-10-18,1.16,26.76,23.75,0.74,84.12,100.97
2022-10-19,1.95,25.99,22.9,0.25,83.69,100.97
2022-10-20,2.24,26.33,23.09,0.16,83.31,101.05
2022-10-21,2.13,26.37,23.08,0.12,83,101.14
2022-10-22,1.56,27.11,22.62,0,77.19,101.12
2022-10-23,2.19,25.18,23.56,39.44,90.94,100.99
2022-10-24,4.45,23.47,22.54,123.12,94.62,100.41
2022-10-25,3.2,24.9,22.28,13.42,85.69,100.66
2022-10-26,1.09,25.08,21.57,0.08,81.5,101.22
2022-10-27,1.56,24.43,20.62,0.01,80.12,101.17
2022-10-28,1.43,23.37,18.64,0,75.62,101.1
2022-10-29,0.88,24.55,19.05,0,72.56,101.08
2022-10-30,1.12,24.77,20.64,0,78.19,101.07
2022-10-31,1.2,25.68,22.24,0.22,81.75,101.12
2022-11-01,1.55,26.06,22.8,0.17,82.81,101.15
2022-11-02,1.27,26.01,22.7,0.62,82.62,101.01
2022-11-03,1.38,24.94,21.6,0.2,82.44,101.02
2022-11-04,1.31,24.04,20,0.01,78.94,101.21
2022-11-05,0.8,25.28,19.69,0,71.81,101.37
2022-11-06,0.95,24.94,19.52,0,72.44,101.37
2022-11-07,0.92,24.22,18.44,0,71.81,101.33
2022-11-08,0.64,24.17,17.89,0,68.5,101.33
2022-11-09,0.86,24.15,18.73,0,72.31,101.34
2022-11-10,0.92,24,18.48,0.01,72.38,101.34
2022-11-11,1.16,23.45,18.3,0,74.12,101.3
2022-11-12,1.35,23.23,18.12,0,73.75,101.27
2022-11-13,1.77,21.89,18.1,0.04,80.31,101.28
2022-11-14,1.25,21.53,16.19,0,73.38,101.27
2022-11-15,1.12,22.25,16.88,0,72.81,101.21
2022-11-16,1.06,22.6,17.65,0,74.31,101.1
2022-11-17,1.5,22.08,17.19,0,75.19,101.09
2022-11-18,1.16,21.18,16.74,0,77.62,101.09
2022-11-19,1.1,21.67,17.64,0,78.75,100.95
2022-11-20,1.21,21.91,18.63,0,82.19,100.97
2022-11-21,1.93,21.83,17.91,0,79.5,101
2022-11-22,1.85,20.45,16.42,0,79.62,101.07
2022-11-23,1.8,20.41,16.82,0,81.44,101.1
2022-11-24,1.74,20.77,16.4,0,77.69,101.11
2022-11-25,1.15,21.86,17.2,0,76.44,101.16
2022-11-26,1.07,22.12,17.02,0.01,74.25,101.02
2022-11-27,0.87,21.88,16.1,0,70.38,100.89
2022-11-28,1.2,21.81,17.13,0.01,75.75,100.97
2022-11-29,1.18,23.52,18.95,0.05,76.31,101.09
2022-11-30,1.5,22.99,18.65,0,77.56,101.17
2022-12-01,1.84,21.37,16.73,0,77.06,101.12
2022-12-02,1.93,20.4,16.19,0,78.5,101.13
2022-12-03,1.59,19.92,15.45,0,77.44,101.18
2022-12-04,1.33,20.58,15.16,0,73,101.23
2022-12-05,1.67,20.67,16.63,0,79.62,101.29
2022-12-06,1.48,20.15,16.18,0.02,80.06,101.18
2022-12-07,1.59,19.99,15.82,0.03,79.25,101.17
2022-12-08,1.38,20.26,15.47,0,76.06,101.2
2022-12-09,0.98,20.45,15.51,0,74.75,101.17
2022-12-10,1.37,20.81,15.65,0,74.12,101.17
2022-12-11,1.57,20.33,15.39,0,75.25,101.23
2022-12-12,1.38,19.68,14.57,0,74.06,101.21
2022-12-13,1.3,20.08,15.07,0,74.19,101.23
2022-12-14,1.09,20.51,15.4,0,73.31,101.24
2022-12-15,1.32,19.08,14.33,0,75.5,101.15
2022-12-16,1.5,22.99,18.65,0,77.56,101.17
2022-12-17,1.84,21.37,16.73,0,77.06,101.12
2022-12-18,1.93,20.4,16.19,0,78.5,101.13
2022-12-19,1.59,19.92,15.45,0,77.44,101.18
2022-12-20,1.33,20.58,15.16,0,73,101.23
2022-12-21,1.67,20.67,16.63,0,79.62,101.29
2022-12-22,1.48,20.15,16.18,0.02,80.06,101.18
2022-12-23,1.59,19.99,15.82,0.03,79.25,101.17
2022-12-24,1.38,20.26,15.47,0,76.06,101.2
2022-12-25,0.98,20.45,15.51,0,74.75,101.17
2022-12-26,1.37,20.81,15.65,0,74.12,101.17
2022-12-27,1.57,20.33,15.39,0,75.25,101.23
2022-12-28,1.38,19.68,14.57,0,74.06,101.21
2022-12-29,1.3,20.08,15.07,0,74.19,101.23
2022-12-30,1.09,20.51,15.4,0,73.31,101.24
2022-12-31,1.32,19.08,14.33,0,75.5,101.15
2023-01-01,1.39,17.09,14.03,0,82.81,101.46
2023-01-02,1.3,17.12,14.18,0,83.25,101.45
2023-01-03,1.21,17.71,14.36,0,81.56,101.31
2023-01-04,1.14,18.67,14.8,0,79.31,101.35
2023-01-05,1.31,18.9,15.57,0.1,82,101.36
2023-01-06,1.22,19.82,16.23,0,80.88,101.19
2023-01-07,1,21.47,16.38,0,74.12,101.09
2023-01-08,1.4,20.53,16.18,0.05,77.19,101.11
2023-01-09,1.23,19.81,15.65,0,78,101.11
2023-01-10,0.92,20.41,16.25,0,77.75,101.12
2023-01-11,0.88,21.15,17.48,0,80.38,101.24
2023-01-12,1.62,19.26,16.2,0,83.19,101.34
2023-01-13,1.64,17.22,13.07,0,78.06,101.4
2023-01-14,1.7,15.92,11.07,0,73.94,101.4
2023-01-15,1.52,15.72,10.47,3.62,72.12,101.25
2023-01-16,1.42,15.92,10.72,0,72.38,101.16
2023-01-17,1.59,16,11.97,0,78.19,101.42
2023-01-18,1.13,16.84,13.16,0,80.12,101.4
2023-01-19,1.05,17.31,13.03,0,76.88,101.26
2023-01-20,1.61,18.33,16.5,1.12,89.56,101.18
2023-01-21,1.5,18.51,12.9,0.07,73,101.22
2023-01-22,1.54,16.29,10.8,0.44,71.62,101.34
2023-01-23,1,16.59,10.31,0,67.81,101.28
2023-01-24,0.98,17.51,11.29,0,67.94,101.38
2023-01-25,1.63,16.65,12.31,0,77.31,101.47
2023-01-26,1.98,16.49,11.58,0,74.69,101.42
2023-01-27,2.09,15.66,10.17,0,71.88,101.47
2023-01-28,1.74,15.52,9.55,0,69.81,101.5
2023-01-29,1.86,16.43,10.55,0,70.94,101.44
2023-01-30,1.41,16.3,9.78,0,67.06,101.42
2023-01-31,1.77,14.36,6.42,0,61.94,101.62
